{"cameraMode":{"drawMode":0,"name":"Shaded","section":"Shading Mode"},"sceneLighting":false,"audioPlay":false,"sceneViewState":{"showFog":true,"showMaterialUpdate":false,"showSkybox":false,"showFlares":true,"showImageEffects":true,"showParticleSystems":true},"in2DMode":false,"pivot":{"x":-0.024778544902801515,"y":1.1440221071243287,"z":-0.17868557572364808},"rotation":{"x":-0.022867757827043535,"y":0.9639406800270081,"z":-0.2500499188899994,"w":-0.08815496414899826},"size":0.8062167763710022,"orthographic":false}