{"cameraMode":{"drawMode":0,"name":"Shaded","section":"Shading Mode"},"sceneLighting":false,"audioPlay":false,"sceneViewState":{"showFog":true,"showMaterialUpdate":false,"showSkybox":true,"showFlares":true,"showImageEffects":true,"showParticleSystems":true},"in2DMode":false,"pivot":{"x":959.5999755859375,"y":38.79998779296875,"z":0.0},"rotation":{"x":0.027355289086699487,"y":0.16020826995372773,"z":0.0037390778306871654,"w":0.9876325726509094},"size":362.5996398925781,"orthographic":false}