{"cameraMode":{"drawMode":0,"name":"Shaded","section":"Shading Mode"},"sceneLighting":false,"audioPlay":false,"sceneViewState":{"showFog":true,"showMaterialUpdate":false,"showSkybox":true,"showFlares":true,"showImageEffects":true,"showParticleSystems":true},"in2DMode":false,"pivot":{"x":-0.5530605316162109,"y":19.750167846679689,"z":21.505170822143556},"rotation":{"x":-0.311595618724823,"y":0.5396350026130676,"z":-0.236391082406044,"w":-0.7467755079269409},"size":4.885793209075928,"orthographic":false}