{"cameraMode":{"drawMode":0,"name":"Shaded","section":"Shading Mode"},"sceneLighting":false,"audioPlay":false,"sceneViewState":{"showFog":true,"showMaterialUpdate":false,"showSkybox":true,"showFlares":true,"showImageEffects":true,"showParticleSystems":true},"in2DMode":false,"pivot":{"x":718.804931640625,"y":421.06982421875,"z":-48.35888671875},"rotation":{"x":-0.24437245726585389,"y":-0.006236270535737276,"z":0.006702010054141283,"w":0.970591127872467},"size":551.90087890625,"orthographic":false}