{"cameraMode":{"drawMode":0,"name":"Shaded","section":"Shading Mode"},"sceneLighting":false,"audioPlay":false,"sceneViewState":{"showFog":true,"showMaterialUpdate":false,"showSkybox":true,"showFlares":true,"showImageEffects":true,"showParticleSystems":true},"in2DMode":false,"pivot":{"x":18.05915641784668,"y":2.267641544342041,"z":193.6001434326172},"rotation":{"x":-0.059582386165857318,"y":-0.10472380369901657,"z":0.0011735247680917383,"w":0.9936407208442688},"size":2.598076105117798,"orthographic":false}