{"cameraMode":{"drawMode":0,"name":"Shaded","section":"Shading Mode"},"sceneLighting":false,"audioPlay":false,"sceneViewState":{"showFog":true,"showMaterialUpdate":false,"showSkybox":true,"showFlares":true,"showImageEffects":true,"showParticleSystems":true},"in2DMode":false,"pivot":{"x":-5.378410339355469,"y":-80.40081787109375,"z":120.86100769042969},"rotation":{"x":0.4046712815761566,"y":-0.2626563310623169,"z":0.12246420234441757,"w":0.8673974275588989},"size":78.83638000488281,"orthographic":false}