{"cameraMode":{"drawMode":0,"name":"Shaded","section":"Shading Mode"},"sceneLighting":false,"audioPlay":false,"sceneViewState":{"showFog":true,"showMaterialUpdate":false,"showSkybox":false,"showFlares":true,"showImageEffects":true,"showParticleSystems":true},"in2DMode":false,"pivot":{"x":5.139385223388672,"y":-12.336238861083985,"z":0.11547470092773438},"rotation":{"x":0.18184423446655274,"y":-0.7919824719429016,"z":0.3047053813934326,"w":0.49835246801376345},"size":10.0,"orthographic":false}