{"cameraMode":{"drawMode":0,"name":"Shaded","section":"Shading Mode"},"sceneLighting":false,"audioPlay":false,"sceneViewState":{"showFog":true,"showMaterialUpdate":false,"showSkybox":false,"showFlares":true,"showImageEffects":true,"showParticleSystems":true},"in2DMode":false,"pivot":{"x":-16.575225830078126,"y":55.738582611083987,"z":-17.648469924926759},"rotation":{"x":0.48551616072654726,"y":0.3069372773170471,"z":-0.18710961937904359,"w":0.7969232797622681},"size":10.0,"orthographic":false}