{"cameraMode":{"drawMode":0,"name":"Shaded","section":"Shading Mode"},"sceneLighting":false,"audioPlay":false,"sceneViewState":{"showFog":true,"showMaterialUpdate":false,"showSkybox":true,"showFlares":true,"showImageEffects":true,"showParticleSystems":true},"in2DMode":false,"pivot":{"x":424.0945739746094,"y":481.215087890625,"z":574.960693359375},"rotation":{"x":0.03252001106739044,"y":0.013791530393064022,"z":0.00794330332428217,"w":1.0002912282943726},"size":534.5060424804688,"orthographic":false}