{"cameraMode":{"drawMode":0,"name":"Shaded","section":"Shading Mode"},"sceneLighting":false,"audioPlay":false,"sceneViewState":{"showFog":true,"showMaterialUpdate":false,"showSkybox":true,"showFlares":true,"showImageEffects":true,"showParticleSystems":true},"in2DMode":false,"pivot":{"x":6.162286281585693,"y":-79.79061126708985,"z":128.31057739257813},"rotation":{"x":0.4093588888645172,"y":-0.20383577048778535,"z":0.09427788853645325,"w":0.8843697309494019},"size":78.83638000488281,"orthographic":false}