{"cameraMode":{"drawMode":0,"name":"Shaded","section":"Shading Mode"},"sceneLighting":false,"audioPlay":false,"sceneViewState":{"showFog":true,"showMaterialUpdate":false,"showSkybox":true,"showFlares":true,"showImageEffects":true,"showParticleSystems":true},"in2DMode":false,"pivot":{"x":-14.068985939025879,"y":27.808059692382814,"z":17.83502197265625},"rotation":{"x":-0.36115676164627077,"y":0.3483472168445587,"z":-0.1571633368730545,"w":-0.8516802191734314},"size":10.449999809265137,"orthographic":false}