{"cameraMode":{"drawMode":0,"name":"Shaded","section":"Shading Mode"},"sceneLighting":false,"audioPlay":false,"sceneViewState":{"showFog":true,"showMaterialUpdate":false,"showSkybox":true,"showFlares":true,"showImageEffects":true,"showParticleSystems":true},"in2DMode":false,"pivot":{"x":188.15347290039063,"y":329.06158447265627,"z":-175.23052978515626},"rotation":{"x":0.07641500979661942,"y":0.016450751572847368,"z":-0.001260946155525744,"w":0.9969394207000732},"size":82.55118560791016,"orthographic":false}