{"cameraMode":{"drawMode":0,"name":"Shaded","section":"Shading Mode"},"sceneLighting":false,"audioPlay":false,"sceneViewState":{"showFog":true,"showMaterialUpdate":false,"showSkybox":false,"showFlares":true,"showImageEffects":true,"showParticleSystems":true},"in2DMode":false,"pivot":{"x":5.139385223388672,"y":-12.336238861083985,"z":0.11547470092773438},"rotation":{"x":0.3043796420097351,"y":-0.060629088431596759,"z":0.021834872663021089,"w":0.9510467052459717},"size":10.0,"orthographic":false}