{"cameraMode":{"drawMode":0,"name":"Shaded","section":"Shading Mode"},"sceneLighting":false,"audioPlay":false,"sceneViewState":{"showFog":true,"showMaterialUpdate":false,"showSkybox":true,"showFlares":true,"showImageEffects":true,"showParticleSystems":true},"in2DMode":false,"pivot":{"x":520.71240234375,"y":203.34237670898438,"z":58.901241302490237},"rotation":{"x":0.2022002935409546,"y":0.006172031629830599,"z":0.00709957629442215,"w":0.9802423119544983},"size":534.5060424804688,"orthographic":false}