{"cameraMode":{"drawMode":0,"name":"Shaded","section":"Shading Mode"},"sceneLighting":false,"audioPlay":false,"sceneViewState":{"showFog":false,"showMaterialUpdate":false,"showSkybox":false,"showFlares":false,"showImageEffects":false,"showParticleSystems":false},"in2DMode":false,"pivot":{"x":0.00006508827209472656,"y":1.1942393779754639,"z":-0.11747467517852783},"rotation":{"x":-0.003686160547658801,"y":-0.994313657283783,"z":0.03670570254325867,"w":-0.0999692901968956},"size":1.6953856945037842,"orthographic":false}