{"cameraMode":{"drawMode":0,"name":"Shaded","section":"Shading Mode"},"sceneLighting":false,"audioPlay":false,"sceneViewState":{"showFog":false,"showMaterialUpdate":false,"showSkybox":false,"showFlares":false,"showImageEffects":false,"showParticleSystems":false},"in2DMode":false,"pivot":{"x":-0.01834583282470703,"y":0.7460111379623413,"z":0.0020337551832199098},"rotation":{"x":0.001185866305604577,"y":0.9690762162208557,"z":-0.2467327117919922,"w":0.004651542752981186},"size":1.2184302806854249,"orthographic":false}