{"cameraMode":{"drawMode":0,"name":"Shaded","section":"Shading Mode"},"sceneLighting":false,"audioPlay":false,"sceneViewState":{"showFog":true,"showMaterialUpdate":false,"showSkybox":false,"showFlares":true,"showImageEffects":true,"showParticleSystems":true},"in2DMode":false,"pivot":{"x":-0.6184155941009522,"y":2.3367397785186769,"z":-0.08001375198364258},"rotation":{"x":0.0033026065211743118,"y":-0.9918075203895569,"z":0.02619258686900139,"w":0.12501294910907746},"size":2.752073049545288,"orthographic":false}