{"cameraMode":{"drawMode":0,"name":"Shaded","section":"Shading Mode"},"sceneLighting":false,"audioPlay":false,"sceneViewState":{"showFog":true,"showMaterialUpdate":false,"showSkybox":false,"showFlares":true,"showImageEffects":true,"showParticleSystems":true},"in2DMode":false,"pivot":{"x":0.00000762939453125,"y":22.735807418823243,"z":0.1767578125},"rotation":{"x":0.19848284125328065,"y":-0.0014743689680472017,"z":0.0002988256164826453,"w":0.9801043272018433},"size":202.53321838378907,"orthographic":false}