{"cameraMode":{"drawMode":0,"name":"Shaded","section":"Shading Mode"},"sceneLighting":false,"audioPlay":false,"sceneViewState":{"showFog":true,"showMaterialUpdate":false,"showSkybox":false,"showFlares":true,"showImageEffects":true,"showParticleSystems":true},"in2DMode":false,"pivot":{"x":7.885968208312988,"y":9.615517616271973,"z":0.0786752700805664},"rotation":{"x":0.15586528182029725,"y":-0.3990955352783203,"z":0.0690455213189125,"w":0.9009242057800293},"size":10.010638236999512,"orthographic":false}