{"cameraMode":{"drawMode":0,"name":"Shaded","section":"Shading Mode"},"sceneLighting":false,"audioPlay":false,"sceneViewState":{"showFog":true,"showMaterialUpdate":false,"showSkybox":false,"showFlares":true,"showImageEffects":true,"showParticleSystems":true},"in2DMode":false,"pivot":{"x":11.005521774291993,"y":19.602807998657228,"z":-59.34900665283203},"rotation":{"x":-0.15864184498786927,"y":0.6525704860687256,"z":-0.14237505197525025,"w":-0.727127730846405},"size":5.083795070648193,"orthographic":false}