{"cameraMode":{"drawMode":0,"name":"Shaded","section":"Shading Mode"},"sceneLighting":false,"audioPlay":false,"sceneViewState":{"showFog":true,"showMaterialUpdate":false,"showSkybox":false,"showFlares":true,"showImageEffects":true,"showParticleSystems":true},"in2DMode":false,"pivot":{"x":-1.9386119842529297,"y":-0.09384584426879883,"z":-0.43894171714782717},"rotation":{"x":0.3186771869659424,"y":-0.46484607458114626,"z":0.1839485764503479,"w":0.8053125143051148},"size":3.740668535232544,"orthographic":false}